code,game,rom_path,metadata_dir,metadata_ini,name,author,developer,genre,release_year,release_date,short_desc,description_txt,players,esrb_age_rating,age_rating,boxart_front,boxart_back,gamepak_front
CDZJ,Dezaemon 3D (Japan),/mnt/b/emulation/roms/nintendo_n64/00 Clean Romset/Dezaemon 3D (Japan).z64,metadata/personal/C/D/Z/J,1,1,1,1,1,1,1,1,1,0,0,0,1,0,0
CFZE,F-Zero X (USA),/mnt/b/emulation/roms/nintendo_n64/00 Clean Romset/F-Zero X (USA).z64,metadata/personal/C/F/Z/E,1,1,1,1,1,1,1,0,1,0,0,0,1,1,1
CLBE,Mario Party (USA),/mnt/b/emulation/roms/nintendo_n64/00 Clean Romset/Mario Party (USA).z64,metadata/personal/C/L/B/E,1,1,1,1,1,1,1,0,1,1,0,0,1,1,1
CZLE,"Legend of Zelda, The - Ocarina of Time (USA) (Rev 2)","/mnt/b/emulation/roms/nintendo_n64/00 Clean Romset/Legend of Zelda, The - Ocarina of Time (USA) (Rev 2).z64",metadata/personal/C/Z/L/E,1,1,1,1,1,1,1,0,1,0,0,0,1,1,1
N22E,Ready 2 Rumble Boxing - Round 2 (USA),/mnt/b/emulation/roms/nintendo_n64/00 Clean Romset/Ready 2 Rumble Boxing - Round 2 (USA).z64,metadata/personal/N/2/2/E,1,1,0,1,1,1,1,0,1,0,0,0,1,1,1
N2PE,Rampage 2 - Universal Tour (USA),/mnt/b/emulation/roms/nintendo_n64/00 Clean Romset/Rampage 2 - Universal Tour (USA).z64,metadata/personal/N/2/P/E,1,1,1,1,1,1,1,1,1,0,0,0,1,1,1
N2VE,Chameleon Twist 2 (USA),/mnt/b/emulation/roms/nintendo_n64/00 Clean Romset/Chameleon Twist 2 (USA).z64,metadata/personal/N/2/V/E,1,1,1,1,1,1,1,1,1,0,0,0,1,1,1
N32E,Army Men - Sarge's Heroes 2 (USA),/mnt/b/emulation/roms/nintendo_n64/00 Clean Romset/Army Men - Sarge's Heroes 2 (USA).z64,metadata/personal/N/3/2/E,1,1,1,1,1,1,1,0,1,0,0,0,1,1,1
N3DJ,Doraemon 3 - Nobita no Machi SOS! (Japan),/mnt/b/emulation/roms/nintendo_n64/00 Clean Romset/Doraemon 3 - Nobita no Machi SOS! (Japan).z64,metadata/personal/N/3/D/J,1,1,1,1,1,1,1,1,1,0,0,0,1,0,0
N3HE,International Track & Field 2000 (USA),/mnt/b/emulation/roms/nintendo_n64/00 Clean Romset/International Track & Field 2000 (USA).z64,metadata/personal/N/3/H/E,1,1,1,1,1,1,1,1,1,0,0,0,1,1,1
N3HJ,Ganbare! Nippon! Olympics 2000 (Japan),/mnt/b/emulation/roms/nintendo_n64/00 Clean Romset/Ganbare! Nippon! Olympics 2000 (Japan).z64,metadata/personal/N/3/H/J,1,1,1,1,1,1,1,1,1,0,0,0,1,0,0
N3HP,"International Track & Field - Summer Games (Europe) (En,Fr,De)","/mnt/b/emulation/roms/nintendo_n64/00 Clean Romset/International Track & Field - Summer Games (Europe) (En,Fr,De).z64",metadata/personal/N/3/H/P,1,1,1,1,1,1,1,1,1,0,0,0,1,0,0
N3PE,Triple Play 2000 (USA),/mnt/b/emulation/roms/nintendo_n64/00 Clean Romset/Triple Play 2000 (USA).z64,metadata/personal/N/3/P/E,1,1,1,1,1,1,1,1,1,0,0,0,1,1,1
N3TE,Tony Hawk's Pro Skater 3 (USA),/mnt/b/emulation/roms/nintendo_n64/00 Clean Romset/Tony Hawk's Pro Skater 3 (USA).z64,metadata/personal/N/3/T/E,1,1,1,1,1,1,1,0,1,0,0,0,1,1,1
N7IE,"FIFA Soccer 64 (USA) (En,Fr,De)","/mnt/b/emulation/roms/nintendo_n64/00 Clean Romset/FIFA Soccer 64 (USA) (En,Fr,De).z64",metadata/personal/N/7/I/E,1,1,1,1,1,1,1,0,1,0,0,0,1,1,1
N8ME,Madden Football 64 (USA),/mnt/b/emulation/roms/nintendo_n64/00 Clean Romset/Madden Football 64 (USA).z64,metadata/personal/N/8/M/E,1,1,1,1,1,1,1,1,1,0,0,0,1,1,1
N8WE,"World Cup 98 (USA) (En,Fr,De,Es,It,Nl,Sv,Da)","/mnt/b/emulation/roms/nintendo_n64/00 Clean Romset/World Cup 98 (USA) (En,Fr,De,Es,It,Nl,Sv,Da).z64",metadata/personal/N/8/W/E,1,1,1,1,1,1,1,0,1,0,0,0,1,1,1
N9BE,"NBA Live 99 (USA) (En,Fr,De,Es,It)","/mnt/b/emulation/roms/nintendo_n64/00 Clean Romset/NBA Live 99 (USA) (En,Fr,De,Es,It).z64",metadata/personal/N/9/B/E,1,1,1,1,1,1,1,0,1,0,0,0,1,1,1
N9CE,NASCAR 99 (USA),/mnt/b/emulation/roms/nintendo_n64/00 Clean Romset/NASCAR 99 (USA).z64,metadata/personal/N/9/C/E,1,1,1,1,1,1,1,1,1,0,0,0,1,1,1
N9FE,"FIFA 99 (USA) (En,Fr,De,Es,It,Nl,Pt,Sv)","/mnt/b/emulation/roms/nintendo_n64/00 Clean Romset/FIFA 99 (USA) (En,Fr,De,Es,It,Nl,Pt,Sv).z64",metadata/personal/N/9/F/E,1,1,1,1,1,1,1,1,1,0,0,0,1,1,1
N9HE,NHL 99 (USA),/mnt/b/emulation/roms/nintendo_n64/00 Clean Romset/NHL 99 (USA).z64,metadata/personal/N/9/H/E,1,1,1,1,1,1,1,1,1,0,0,0,1,1,1
NA2J,Virtual Pro Wrestling 2 - Oudou Keishou (Japan),/mnt/b/emulation/roms/nintendo_n64/00 Clean Romset/Virtual Pro Wrestling 2 - Oudou Keishou (Japan).z64,metadata/personal/N/A/2/J,1,1,1,1,1,1,1,1,1,0,0,0,1,0,0
NABP,Airboarder 64 (Europe),/mnt/b/emulation/roms/nintendo_n64/00 Clean Romset/Airboarder 64 (Europe).z64,metadata/personal/N/A/B/P,1,1,1,1,0,1,0,1,0,0,0,0,1,0,1
NACE,Army Men - Air Combat (USA),/mnt/b/emulation/roms/nintendo_n64/00 Clean Romset/Army Men - Air Combat (USA).z64,metadata/personal/N/A/C/E,1,1,1,1,1,1,1,0,1,0,0,0,1,1,1
NADE,"Worms Armageddon (USA) (En,Fr,Es)","/mnt/b/emulation/roms/nintendo_n64/00 Clean Romset/Worms Armageddon (USA) (En,Fr,Es).z64",metadata/personal/N/A/D/E,1,1,0,1,1,1,1,0,1,1,0,0,1,1,1
NAFJ,Doubutsu no Mori (Japan),/mnt/b/emulation/roms/nintendo_n64/00 Clean Romset/Doubutsu no Mori (Japan).z64,metadata/personal/N/A/F/J,1,1,1,1,1,1,1,1,1,0,0,0,0,0,0
NAGE,AeroGauge (USA),/mnt/b/emulation/roms/nintendo_n64/00 Clean Romset/AeroGauge (USA).z64,metadata/personal/N/A/G/E,1,1,1,1,1,1,1,0,1,0,0,0,1,1,1
NAHE,Asteroids Hyper 64 (USA),/mnt/b/emulation/roms/nintendo_n64/00 Clean Romset/Asteroids Hyper 64 (USA).z64,metadata/personal/N/A/H/E,1,1,0,1,1,1,1,0,1,0,0,0,1,1,1
NALE,Super Smash Bros. (USA),/mnt/b/emulation/roms/nintendo_n64/00 Clean Romset/Super Smash Bros. (USA).z64,metadata/personal/N/A/L/E,1,1,1,1,1,1,1,0,1,0,0,0,1,1,1
NAME,Army Men - Sarge's Heroes (USA),/mnt/b/emulation/roms/nintendo_n64/00 Clean Romset/Army Men - Sarge's Heroes (USA).z64,metadata/personal/N/A/M/E,1,1,1,1,1,1,1,0,1,0,0,0,1,1,1
NARE,Armorines - Project S.W.A.R.M. (USA),/mnt/b/emulation/roms/nintendo_n64/00 Clean Romset/Armorines - Project S.W.A.R.M. (USA).z64,metadata/personal/N/A/R/E,1,1,1,1,1,1,1,1,1,0,0,0,1,1,1
NASE,All-Star Baseball 2001 (USA),/mnt/b/emulation/roms/nintendo_n64/00 Clean Romset/All-Star Baseball 2001 (USA).z64,metadata/personal/N/A/S/E,1,1,1,1,1,1,1,1,1,0,0,0,1,1,1
NAYE,Aidyn Chronicles - The First Mage (USA) (Rev 1),/mnt/b/emulation/roms/nintendo_n64/00 Clean Romset/Aidyn Chronicles - The First Mage (USA) (Rev 1).z64,metadata/personal/N/A/Y/E,1,1,1,1,1,1,1,0,1,0,0,0,1,1,1
NB2E,NBA in the Zone '99 (USA),/mnt/b/emulation/roms/nintendo_n64/00 Clean Romset/NBA in the Zone '99 (USA).z64,metadata/personal/N/B/2/E,1,1,1,1,1,1,1,1,1,0,0,0,1,1,1
NB3E,Bust-A-Move '99 (USA),/mnt/b/emulation/roms/nintendo_n64/00 Clean Romset/Bust-A-Move '99 (USA).z64,metadata/personal/N/B/3/E,1,1,1,1,1,1,1,0,1,0,0,0,1,1,1
NB4E,Bassmasters 2000 (USA),/mnt/b/emulation/roms/nintendo_n64/00 Clean Romset/Bassmasters 2000 (USA).z64,metadata/personal/N/B/4/E,1,1,1,1,1,1,1,1,1,0,0,0,1,1,1
NB7E,Banjo-Tooie (USA),/mnt/b/emulation/roms/nintendo_n64/00 Clean Romset/Banjo-Tooie (USA).z64,metadata/personal/N/B/7/E,1,1,1,1,1,1,1,0,1,0,1,1,1,1,1
NB9E,NBA Jam 99 (USA),/mnt/b/emulation/roms/nintendo_n64/00 Clean Romset/NBA Jam 99 (USA).z64,metadata/personal/N/B/9/E,1,1,1,1,1,1,1,0,1,0,0,0,1,1,1
NBAE,NBA in the Zone '98 (USA),/mnt/b/emulation/roms/nintendo_n64/00 Clean Romset/NBA in the Zone '98 (USA).z64,metadata/personal/N/B/A/E,1,1,1,1,1,1,1,0,1,0,0,0,1,1,1
NBCE,Blast Corps (USA) (Rev 1),/mnt/b/emulation/roms/nintendo_n64/00 Clean Romset/Blast Corps (USA) (Rev 1).z64,metadata/personal/N/B/C/E,1,1,1,1,1,1,1,0,1,0,1,1,1,1,1
NBCJ,Blastdozer (Japan),/mnt/b/emulation/roms/nintendo_n64/00 Clean Romset/Blastdozer (Japan).z64,metadata/personal/N/B/C/J,1,1,1,1,1,1,1,0,1,0,0,0,1,0,0
NBDE,Bomberman Hero (USA),/mnt/b/emulation/roms/nintendo_n64/00 Clean Romset/Bomberman Hero (USA).z64,metadata/personal/N/B/D/E,1,1,1,1,1,1,1,0,1,0,0,0,1,1,1
NBEE,All-Star Baseball 2000 (USA),/mnt/b/emulation/roms/nintendo_n64/00 Clean Romset/All-Star Baseball 2000 (USA).z64,metadata/personal/N/B/E/E,1,1,1,1,1,1,1,1,1,0,0,0,1,1,1
NBFE,Bio F.R.E.A.K.S. (USA),/mnt/b/emulation/roms/nintendo_n64/00 Clean Romset/Bio F.R.E.A.K.S. (USA).z64,metadata/personal/N/B/F/E,1,1,1,1,1,1,1,0,1,0,0,0,1,1,1
NBHE,Body Harvest (USA),/mnt/b/emulation/roms/nintendo_n64/00 Clean Romset/Body Harvest (USA).z64,metadata/personal/N/B/H/E,1,1,1,1,1,1,1,0,1,0,0,0,1,1,1
NBIE,NFL Blitz 2000 (USA) (Rev 1),/mnt/b/emulation/roms/nintendo_n64/00 Clean Romset/NFL Blitz 2000 (USA) (Rev 1).z64,metadata/personal/N/B/I/E,1,1,1,1,1,1,1,1,1,0,0,0,1,1,1
NBJJ,Bakushou Jinsei 64 - Mezase! Resort Ou (Japan),/mnt/b/emulation/roms/nintendo_n64/00 Clean Romset/Bakushou Jinsei 64 - Mezase! Resort Ou (Japan).z64,metadata/personal/N/B/J/J,1,1,1,1,1,1,1,1,1,0,0,0,1,0,0
NBKE,Banjo-Kazooie (USA) (Rev 1),/mnt/b/emulation/roms/nintendo_n64/00 Clean Romset/Banjo-Kazooie (USA) (Rev 1).z64,metadata/personal/N/B/K/E,1,1,1,1,1,1,1,0,1,0,1,1,1,1,1
NBLE,Buck Bumble (USA),/mnt/b/emulation/roms/nintendo_n64/00 Clean Romset/Buck Bumble (USA).z64,metadata/personal/N/B/L/E,1,1,1,1,1,1,1,0,1,0,0,0,1,1,1
NBNJ,Bakuretsu Muteki Bangaioh (Japan),/mnt/b/emulation/roms/nintendo_n64/00 Clean Romset/Bakuretsu Muteki Bangaioh (Japan).z64,metadata/personal/N/B/N/J,1,1,1,1,1,1,1,1,1,0,0,0,1,0,0
NBPE,Blues Brothers 2000 (USA),/mnt/b/emulation/roms/nintendo_n64/00 Clean Romset/Blues Brothers 2000 (USA).z64,metadata/personal/N/B/P/E,1,1,1,1,1,1,1,0,1,0,0,0,1,1,1
NBQE,BattleTanx - Global Assault (USA),/mnt/b/emulation/roms/nintendo_n64/00 Clean Romset/BattleTanx - Global Assault (USA).z64,metadata/personal/N/B/Q/E,1,1,1,1,1,1,1,0,1,0,0,0,1,1,1
NBRE,Milo's Astro Lanes (USA),/mnt/b/emulation/roms/nintendo_n64/00 Clean Romset/Milo's Astro Lanes (USA).z64,metadata/personal/N/B/R/E,1,1,1,1,1,1,1,0,1,0,0,0,1,1,1
NBSE,All-Star Baseball 99 (USA),/mnt/b/emulation/roms/nintendo_n64/00 Clean Romset/All-Star Baseball 99 (USA).z64,metadata/personal/N/B/S/E,1,1,1,1,1,1,1,0,1,0,0,0,1,1,1
NBUE,Bust-A-Move 2 - Arcade Edition (USA),/mnt/b/emulation/roms/nintendo_n64/00 Clean Romset/Bust-A-Move 2 - Arcade Edition (USA).z64,metadata/personal/N/B/U/E,1,1,1,1,1,1,1,0,1,0,0,0,1,1,1
NBVE,Bomberman 64 - The Second Attack! (USA),/mnt/b/emulation/roms/nintendo_n64/00 Clean Romset/Bomberman 64 - The Second Attack! (USA).z64,metadata/personal/N/B/V/E,1,1,1,1,1,1,1,1,1,0,0,0,1,1,1
NBWE,Super Bowling (USA),/mnt/b/emulation/roms/nintendo_n64/00 Clean Romset/Super Bowling (USA).z64,metadata/personal/N/B/W/E,1,1,1,1,1,1,1,1,1,1,0,0,1,1,1
NBXE,BattleTanx (USA),/mnt/b/emulation/roms/nintendo_n64/00 Clean Romset/BattleTanx (USA).z64,metadata/personal/N/B/X/E,1,1,1,1,1,1,1,0,1,0,0,0,1,1,1
NBYE,"Bug's Life, A (USA)","/mnt/b/emulation/roms/nintendo_n64/00 Clean Romset/Bug's Life, A (USA).z64",metadata/personal/N/B/Y/E,1,1,1,1,1,1,1,0,1,0,0,0,1,1,1
NBZE,NFL Blitz (USA),/mnt/b/emulation/roms/nintendo_n64/00 Clean Romset/NFL Blitz (USA).z64,metadata/personal/N/B/Z/E,1,1,1,1,1,1,1,1,1,0,0,0,1,1,1
NCBE,Charlie Blast's Territory (USA),/mnt/b/emulation/roms/nintendo_n64/00 Clean Romset/Charlie Blast's Territory (USA).z64,metadata/personal/N/C/B/E,1,1,1,1,1,1,1,0,1,1,0,0,1,1,1
NCCE,Command & Conquer (USA),/mnt/b/emulation/roms/nintendo_n64/00 Clean Romset/Command & Conquer (USA).z64,metadata/personal/N/C/C/E,1,1,1,1,1,1,1,0,1,0,0,0,1,1,1
NCDE,Carmageddon 64 (USA),/mnt/b/emulation/roms/nintendo_n64/00 Clean Romset/Carmageddon 64 (USA).z64,metadata/personal/N/C/D/E,1,1,1,1,1,1,1,0,1,0,0,0,1,1,1
NCEE,Nuclear Strike 64 (USA),/mnt/b/emulation/roms/nintendo_n64/00 Clean Romset/Nuclear Strike 64 (USA).z64,metadata/personal/N/C/E/E,1,1,1,1,1,1,1,0,1,0,0,0,1,1,1
NCGJ,Choro Q 64 2 - Hacha Mecha Grand Prix Race (Japan),/mnt/b/emulation/roms/nintendo_n64/00 Clean Romset/Choro Q 64 2 - Hacha Mecha Grand Prix Race (Japan).z64,metadata/personal/N/C/G/J,1,1,1,0,0,1,0,1,0,0,0,0,1,0,0
NCHE,Chopper Attack (USA),/mnt/b/emulation/roms/nintendo_n64/00 Clean Romset/Chopper Attack (USA).z64,metadata/personal/N/C/H/E,1,1,1,1,1,1,1,1,1,0,0,0,1,1,1
NCKE,NBA Courtside 2 featuring Kobe Bryant (USA),/mnt/b/emulation/roms/nintendo_n64/00 Clean Romset/NBA Courtside 2 featuring Kobe Bryant (USA).z64,metadata/personal/N/C/K/E,1,1,1,1,1,1,1,0,1,0,0,0,1,1,1
NCLE,California Speed (USA),/mnt/b/emulation/roms/nintendo_n64/00 Clean Romset/California Speed (USA).z64,metadata/personal/N/C/L/E,1,1,1,1,1,1,1,0,1,0,0,0,1,1,1
NCOE,Jeremy McGrath Supercross 2000 (USA),/mnt/b/emulation/roms/nintendo_n64/00 Clean Romset/Jeremy McGrath Supercross 2000 (USA).z64,metadata/personal/N/C/O/E,1,1,1,1,1,1,1,0,1,0,0,0,1,1,1
NCRE,Penny Racers (USA),/mnt/b/emulation/roms/nintendo_n64/00 Clean Romset/Penny Racers (USA).z64,metadata/personal/N/C/R/E,1,1,1,1,1,1,1,1,1,0,0,0,1,1,1
NCRJ,Choro Q 64 (Japan),/mnt/b/emulation/roms/nintendo_n64/00 Clean Romset/Choro Q 64 (Japan).z64,metadata/personal/N/C/R/J,1,1,1,1,1,1,1,0,1,0,0,0,1,0,0
NCSE,S.C.A.R.S. (USA),/mnt/b/emulation/roms/nintendo_n64/00 Clean Romset/S.C.A.R.S. (USA).z64,metadata/personal/N/C/S/E,1,1,1,1,1,1,1,1,1,0,0,0,1,1,1
NCTE,Chameleon Twist (USA) (Rev 1),/mnt/b/emulation/roms/nintendo_n64/00 Clean Romset/Chameleon Twist (USA) (Rev 1).z64,metadata/personal/N/C/T/E,1,1,1,1,1,1,1,1,1,1,0,0,1,1,1
NCWE,Cruis'n World (USA),/mnt/b/emulation/roms/nintendo_n64/00 Clean Romset/Cruis'n World (USA).z64,metadata/personal/N/C/W/E,1,1,1,1,1,1,1,0,1,0,0,0,1,1,1
ND2J,Doraemon 2 - Nobita to Hikari no Shinden (Japan),/mnt/b/emulation/roms/nintendo_n64/00 Clean Romset/Doraemon 2 - Nobita to Hikari no Shinden (Japan).z64,metadata/personal/N/D/2/J,1,1,1,1,1,1,1,1,1,0,0,0,1,0,0
ND3E,Castlevania (USA) (Rev 2),/mnt/b/emulation/roms/nintendo_n64/00 Clean Romset/Castlevania (USA) (Rev 2).z64,metadata/personal/N/D/3/E,1,1,1,1,1,1,1,0,1,0,0,0,1,1,1
ND4E,Castlevania - Legacy of Darkness (USA),/mnt/b/emulation/roms/nintendo_n64/00 Clean Romset/Castlevania - Legacy of Darkness (USA).z64,metadata/personal/N/D/4/E,1,1,1,1,1,1,1,0,1,0,0,0,1,1,1
NDFJ,Dance Dance Revolution - Disney Dancing Museum (Japan),/mnt/b/emulation/roms/nintendo_n64/00 Clean Romset/Dance Dance Revolution - Disney Dancing Museum (Japan).z64,metadata/personal/N/D/F/J,1,1,1,1,1,1,1,1,1,0,0,0,1,0,0
NDHE,Dual Heroes (USA),/mnt/b/emulation/roms/nintendo_n64/00 Clean Romset/Dual Heroes (USA).z64,metadata/personal/N/D/H/E,1,1,1,1,1,1,1,1,1,0,0,0,1,1,1
NDME,Doom 64 (USA) (Rev 1),/mnt/b/emulation/roms/nintendo_n64/00 Clean Romset/Doom 64 (USA) (Rev 1).z64,metadata/personal/N/D/M/E,1,1,1,1,1,1,1,1,1,0,0,0,1,1,1
NDRJ,Doraemon - Nobita to 3tsu no Seireiseki (Japan),/mnt/b/emulation/roms/nintendo_n64/00 Clean Romset/Doraemon - Nobita to 3tsu no Seireiseki (Japan).z64,metadata/personal/N/D/R/J,1,1,1,1,1,1,1,1,1,0,0,0,1,0,0
NDSJ,J.League Dynamite Soccer 64 (Japan),/mnt/b/emulation/roms/nintendo_n64/00 Clean Romset/J.League Dynamite Soccer 64 (Japan).z64,metadata/personal/N/D/S/J,1,1,1,1,1,1,1,1,1,0,0,0,1,0,0
NDTE,South Park (USA),/mnt/b/emulation/roms/nintendo_n64/00 Clean Romset/South Park (USA).z64,metadata/personal/N/D/T/E,1,1,1,1,1,1,1,0,1,0,0,0,1,1,1
NDUE,"Duck Dodgers Starring Daffy Duck (USA) (En,Fr,Es)","/mnt/b/emulation/roms/nintendo_n64/00 Clean Romset/Duck Dodgers Starring Daffy Duck (USA) (En,Fr,Es).z64",metadata/personal/N/D/U/E,1,1,1,1,1,1,1,0,1,0,0,0,1,1,1
NDWE,John Romero's Daikatana (USA),/mnt/b/emulation/roms/nintendo_n64/00 Clean Romset/John Romero's Daikatana (USA).z64,metadata/personal/N/D/W/E,1,1,1,1,1,1,1,0,1,0,0,0,1,1,1
NDYE,"Diddy Kong Racing (USA) (En,Fr) (Rev 1)","/mnt/b/emulation/roms/nintendo_n64/00 Clean Romset/Diddy Kong Racing (USA) (En,Fr) (Rev 1).z64",metadata/personal/N/D/Y/E,1,1,1,1,1,1,1,0,1,0,1,1,1,1,1
NDZE,Duke Nukem - Zero Hour (USA),/mnt/b/emulation/roms/nintendo_n64/00 Clean Romset/Duke Nukem - Zero Hour (USA).z64,metadata/personal/N/D/Z/E,1,1,1,1,1,1,1,0,1,1,0,0,1,1,1
NEAP,"PGA European Tour Golf (Europe) (En,Fr,De,Es,It)","/mnt/b/emulation/roms/nintendo_n64/00 Clean Romset/PGA European Tour Golf (Europe) (En,Fr,De,Es,It).z64",metadata/personal/N/E/A/P,1,1,1,1,1,1,1,0,1,0,0,0,1,0,0
NEGE,Extreme-G (USA),/mnt/b/emulation/roms/nintendo_n64/00 Clean Romset/Extreme-G (USA).z64,metadata/personal/N/E/G/E,1,1,1,1,1,1,1,0,1,0,0,0,1,1,1
NELE,Sesame Street - Elmo's Letter Adventure (USA),/mnt/b/emulation/roms/nintendo_n64/00 Clean Romset/Sesame Street - Elmo's Letter Adventure (USA).z64,metadata/personal/N/E/L/E,1,1,1,1,1,1,1,1,1,0,0,0,1,1,1
NENE,Sesame Street - Elmo's Number Journey (USA),/mnt/b/emulation/roms/nintendo_n64/00 Clean Romset/Sesame Street - Elmo's Number Journey (USA).z64,metadata/personal/N/E/N/E,0,0,0,0,0,0,0,0,0,0,0,0,1,1,1
NEPE,Star Wars Episode I - Racer (USA),/mnt/b/emulation/roms/nintendo_n64/00 Clean Romset/Star Wars Episode I - Racer (USA).z64,metadata/personal/N/E/P/E,1,1,1,1,1,1,1,0,1,0,0,0,1,1,1
NERE,AeroFighters Assault (USA),/mnt/b/emulation/roms/nintendo_n64/00 Clean Romset/AeroFighters Assault (USA).z64,metadata/personal/N/E/R/E,1,1,1,1,1,1,1,0,1,0,0,0,1,1,1
NETE,Quest 64 (USA),/mnt/b/emulation/roms/nintendo_n64/00 Clean Romset/Quest 64 (USA).z64,metadata/personal/N/E/T/E,1,1,1,1,1,1,1,0,1,0,0,0,1,1,1
NETJ,Eltale Monsters (Japan),/mnt/b/emulation/roms/nintendo_n64/00 Clean Romset/Eltale Monsters (Japan).z64,metadata/personal/N/E/T/J,1,1,1,1,1,1,1,0,1,0,0,0,1,0,0
NETP,Holy Magic Century (Europe),/mnt/b/emulation/roms/nintendo_n64/00 Clean Romset/Holy Magic Century (Europe).z64,metadata/personal/N/E/T/P,1,1,1,1,1,1,1,0,1,0,0,0,1,0,0
NF2P,"F-1 World Grand Prix II (Europe) (En,Fr,De,Es)","/mnt/b/emulation/roms/nintendo_n64/00 Clean Romset/F-1 World Grand Prix II (Europe) (En,Fr,De,Es).z64",metadata/personal/N/F/2/P,1,1,1,1,1,1,1,1,1,0,0,0,1,0,1
NF9E,Fox Sports College Hoops '99 (USA),/mnt/b/emulation/roms/nintendo_n64/00 Clean Romset/Fox Sports College Hoops '99 (USA).z64,metadata/personal/N/F/9/E,1,1,1,1,1,1,1,0,1,0,0,0,1,1,1
NFBE,NFL Blitz 2001 (USA),/mnt/b/emulation/roms/nintendo_n64/00 Clean Romset/NFL Blitz 2001 (USA).z64,metadata/personal/N/F/B/E,1,1,1,1,1,1,1,1,1,0,0,0,1,1,1
NFDE,Flying Dragon (USA),/mnt/b/emulation/roms/nintendo_n64/00 Clean Romset/Flying Dragon (USA).z64,metadata/personal/N/F/D/E,1,1,1,1,1,1,1,0,1,0,0,0,1,1,1
NFGE,Fighter Destiny 2 (USA),/mnt/b/emulation/roms/nintendo_n64/00 Clean Romset/Fighter Destiny 2 (USA).z64,metadata/personal/N/F/G/E,1,1,1,1,1,1,1,0,1,0,0,0,1,1,1
NFHE,In-Fisherman - Bass Hunter 64 (USA),/mnt/b/emulation/roms/nintendo_n64/00 Clean Romset/In-Fisherman - Bass Hunter 64 (USA).z64,metadata/personal/N/F/H/E,1,1,1,1,1,1,1,0,1,0,0,0,1,1,1
NFOE,Forsaken 64 (USA),/mnt/b/emulation/roms/nintendo_n64/00 Clean Romset/Forsaken 64 (USA).z64,metadata/personal/N/F/O/E,1,1,1,1,1,1,1,0,1,0,0,0,1,1,1
NFQE,Razor Freestyle Scooter (USA),/mnt/b/emulation/roms/nintendo_n64/00 Clean Romset/Razor Freestyle Scooter (USA).z64,metadata/personal/N/F/Q/E,1,1,1,1,1,1,1,1,1,0,0,0,1,1,1
NFRP,"F1 Racing Championship (Europe) (En,Fr,De,Es,It)","/mnt/b/emulation/roms/nintendo_n64/00 Clean Romset/F1 Racing Championship (Europe) (En,Fr,De,Es,It).z64",metadata/personal/N/F/R/P,1,1,1,1,1,1,1,1,1,0,0,0,1,0,1
NFUE,Conker's Bad Fur Day (USA),/mnt/b/emulation/roms/nintendo_n64/00 Clean Romset/Conker's Bad Fur Day (USA).z64,metadata/personal/N/F/U/E,1,1,1,0,0,1,1,1,1,0,1,1,1,0,1
NFWE,F-1 World Grand Prix (USA),/mnt/b/emulation/roms/nintendo_n64/00 Clean Romset/F-1 World Grand Prix (USA).z64,metadata/personal/N/F/W/E,1,1,1,1,1,1,1,0,1,0,0,0,1,1,1
NFXE,Star Fox 64 (USA) (Rev 1),/mnt/b/emulation/roms/nintendo_n64/00 Clean Romset/Star Fox 64 (USA) (Rev 1).z64,metadata/personal/N/F/X/E,1,1,1,1,1,1,1,0,1,0,0,0,1,1,1
NFYJ,Kakutou Denshou - F-Cup Maniax (Japan),/mnt/b/emulation/roms/nintendo_n64/00 Clean Romset/Kakutou Denshou - F-Cup Maniax (Japan).z64,metadata/personal/N/F/Y/J,1,1,1,1,1,1,1,0,1,0,0,0,1,0,0
NG2E,Extreme-G XG2 (USA),/mnt/b/emulation/roms/nintendo_n64/00 Clean Romset/Extreme-G XG2 (USA).z64,metadata/personal/N/G/2/E,1,1,1,1,1,1,1,0,1,0,0,0,1,1,1
NG6J,Ganbare Goemon - Dero Dero Douchuu Obake Tenkomori (Japan),/mnt/b/emulation/roms/nintendo_n64/00 Clean Romset/Ganbare Goemon - Dero Dero Douchuu Obake Tenkomori (Japan).z64,metadata/personal/N/G/6/J,1,1,1,1,1,1,1,0,1,0,0,0,1,0,0
NGAE,Deadly Arts (USA),/mnt/b/emulation/roms/nintendo_n64/00 Clean Romset/Deadly Arts (USA).z64,metadata/personal/N/G/A/E,1,1,1,1,1,1,1,0,1,0,0,0,1,1,1
NGAJ,G.A.S.P!! Fighters' NEXTream (Japan),/mnt/b/emulation/roms/nintendo_n64/00 Clean Romset/G.A.S.P!! Fighters' NEXTream (Japan).z64,metadata/personal/N/G/A/J,1,1,1,1,1,1,1,0,1,0,0,0,1,0,0
NGCE,GT 64 - Championship Edition (USA),/mnt/b/emulation/roms/nintendo_n64/00 Clean Romset/GT 64 - Championship Edition (USA).z64,metadata/personal/N/G/C/E,1,1,1,1,1,1,1,0,1,0,0,0,1,1,1
NGEE,GoldenEye 007 (USA),/mnt/b/emulation/roms/nintendo_n64/00 Clean Romset/GoldenEye 007 (USA).z64,metadata/personal/N/G/E/E,1,1,1,0,0,1,1,1,1,0,1,1,1,1,1
NGME,Goemon's Great Adventure (USA),/mnt/b/emulation/roms/nintendo_n64/00 Clean Romset/Goemon's Great Adventure (USA).z64,metadata/personal/N/G/M/E,1,1,1,1,1,1,1,0,1,0,0,0,1,1,1
NGNE,Golden Nugget 64 (USA),/mnt/b/emulation/roms/nintendo_n64/00 Clean Romset/Golden Nugget 64 (USA).z64,metadata/personal/N/G/N/E,1,1,1,1,1,1,1,0,1,0,0,0,1,1,1
NGRE,Top Gear Rally (USA),/mnt/b/emulation/roms/nintendo_n64/00 Clean Romset/Top Gear Rally (USA).z64,metadata/personal/N/G/R/E,1,1,0,1,1,1,1,0,1,0,0,0,1,1,1
NGUJ,Tsumi to Batsu - Hoshi no Keishousha (Japan),/mnt/b/emulation/roms/nintendo_n64/00 Clean Romset/Tsumi to Batsu - Hoshi no Keishousha (Japan).z64,metadata/personal/N/G/U/J,1,1,1,1,1,1,1,1,1,0,0,0,1,0,0
NGVE,Glover (USA),/mnt/b/emulation/roms/nintendo_n64/00 Clean Romset/Glover (USA).z64,metadata/personal/N/G/V/E,1,1,1,0,0,1,0,1,0,0,0,0,1,1,1
NGXE,Gauntlet Legends (USA),/mnt/b/emulation/roms/nintendo_n64/00 Clean Romset/Gauntlet Legends (USA).z64,metadata/personal/N/G/X/E,1,1,1,1,1,1,1,0,1,0,0,0,1,1,1
NH5E,Nagano Winter Olympics '98 (USA),/mnt/b/emulation/roms/nintendo_n64/00 Clean Romset/Nagano Winter Olympics '98 (USA).z64,metadata/personal/N/H/5/E,1,1,1,1,1,1,1,0,1,1,0,0,1,1,1
NH5J,Hyper Olympics in Nagano 64 (Japan),/mnt/b/emulation/roms/nintendo_n64/00 Clean Romset/Hyper Olympics in Nagano 64 (Japan).z64,metadata/personal/N/H/5/J,1,1,1,1,1,1,1,0,1,1,0,0,1,0,0
NH9E,NHL Breakaway 99 (USA),/mnt/b/emulation/roms/nintendo_n64/00 Clean Romset/NHL Breakaway 99 (USA).z64,metadata/personal/N/H/9/E,1,1,1,1,1,1,1,1,1,0,0,0,1,1,1
NHCE,Hercules - The Legendary Journeys (USA),/mnt/b/emulation/roms/nintendo_n64/00 Clean Romset/Hercules - The Legendary Journeys (USA).z64,metadata/personal/N/H/C/E,1,1,1,1,1,1,1,0,1,0,0,0,1,1,1
NHGE,"F1 Pole Position 64 (USA) (En,Fr,De)","/mnt/b/emulation/roms/nintendo_n64/00 Clean Romset/F1 Pole Position 64 (USA) (En,Fr,De).z64",metadata/personal/N/H/G/E,1,1,1,1,1,1,1,0,1,0,0,0,1,1,1
NHLE,NHL Breakaway 98 (USA),/mnt/b/emulation/roms/nintendo_n64/00 Clean Romset/NHL Breakaway 98 (USA).z64,metadata/personal/N/H/L/E,1,1,1,1,1,1,1,0,1,0,0,0,1,1,1
NHNE,Olympic Hockey 98 (USA),/mnt/b/emulation/roms/nintendo_n64/00 Clean Romset/Olympic Hockey 98 (USA).z64,metadata/personal/N/H/N/E,1,1,1,1,1,1,1,0,1,0,0,0,1,1,1
NHOE,NHL Blades of Steel '99 (USA),/mnt/b/emulation/roms/nintendo_n64/00 Clean Romset/NHL Blades of Steel '99 (USA).z64,metadata/personal/N/H/O/E,1,1,1,1,1,1,1,0,1,0,0,0,1,1,1
NHTE,Hydro Thunder (USA),/mnt/b/emulation/roms/nintendo_n64/00 Clean Romset/Hydro Thunder (USA).z64,metadata/personal/N/H/T/E,1,1,1,1,1,1,1,0,1,1,0,0,1,1,1
NHVE,Hybrid Heaven (USA),/mnt/b/emulation/roms/nintendo_n64/00 Clean Romset/Hybrid Heaven (USA).z64,metadata/personal/N/H/V/E,1,1,1,1,1,1,1,0,1,0,0,0,1,1,1
NHWE,Hot Wheels - Turbo Racing (USA),/mnt/b/emulation/roms/nintendo_n64/00 Clean Romset/Hot Wheels - Turbo Racing (USA).z64,metadata/personal/N/H/W/E,1,1,1,1,1,1,1,0,1,0,0,0,1,1,1
NICE,Indy Racing 2000 (USA),/mnt/b/emulation/roms/nintendo_n64/00 Clean Romset/Indy Racing 2000 (USA).z64,metadata/personal/N/I/C/E,1,1,1,1,1,1,1,0,1,0,0,0,1,1,1
NIJE,Indiana Jones and the Infernal Machine (USA),/mnt/b/emulation/roms/nintendo_n64/00 Clean Romset/Indiana Jones and the Infernal Machine (USA).z64,metadata/personal/N/I/J/E,1,1,1,1,1,1,1,0,1,0,0,0,1,1,1
NIRJ,Utchan Nanchan no Hono no Challenger - Denryuu Ira Ira Bou (Japan),/mnt/b/emulation/roms/nintendo_n64/00 Clean Romset/Utchan Nanchan no Hono no Challenger - Denryuu Ira Ira Bou (Japan).z64,metadata/personal/N/I/R/J,1,1,1,1,1,1,1,1,1,0,0,0,1,0,0
NISE,"International Superstar Soccer 2000 (USA) (En,Es) (Rev 1)","/mnt/b/emulation/roms/nintendo_n64/00 Clean Romset/International Superstar Soccer 2000 (USA) (En,Es) (Rev 1).z64",metadata/personal/N/I/S/E,1,1,1,1,1,1,1,0,1,0,0,0,1,1,1
NJ2J,Wonder Project J2 - Koruro no Mori no Jozet (Japan),/mnt/b/emulation/roms/nintendo_n64/00 Clean Romset/Wonder Project J2 - Koruro no Mori no Jozet (Japan).z64,metadata/personal/N/J/2/J,1,1,1,1,1,1,1,1,1,0,0,0,1,0,0
NJ5J,Jikkyou Powerful Pro Yakyuu 5 (Japan) (Rev 2),/mnt/b/emulation/roms/nintendo_n64/00 Clean Romset/Jikkyou Powerful Pro Yakyuu 5 (Japan) (Rev 2).z64,metadata/personal/N/J/5/J,1,1,1,1,1,1,1,1,1,0,0,0,1,0,0
NJAE,NBA Jam 2000 (USA),/mnt/b/emulation/roms/nintendo_n64/00 Clean Romset/NBA Jam 2000 (USA).z64,metadata/personal/N/J/A/E,1,1,1,1,1,1,1,0,1,0,0,0,1,1,1
NJME,Earthworm Jim 3D (USA),/mnt/b/emulation/roms/nintendo_n64/00 Clean Romset/Earthworm Jim 3D (USA).z64,metadata/personal/N/J/M/E,1,1,1,1,1,1,1,0,1,0,0,0,1,1,1
NJPE,International Superstar Soccer 64 (USA),/mnt/b/emulation/roms/nintendo_n64/00 Clean Romset/International Superstar Soccer 64 (USA).z64,metadata/personal/N/J/P/E,1,1,1,1,1,1,1,0,1,0,0,0,1,1,1
NJPJ,Jikkyou J.League Perfect Striker (Japan),/mnt/b/emulation/roms/nintendo_n64/00 Clean Romset/Jikkyou J.League Perfect Striker (Japan).z64,metadata/personal/N/J/P/J,1,1,1,1,1,1,1,1,1,0,0,0,1,1,0
NJQE,Batman Beyond - Return of the Joker (USA),/mnt/b/emulation/roms/nintendo_n64/00 Clean Romset/Batman Beyond - Return of the Joker (USA).z64,metadata/personal/N/J/Q/E,1,1,1,1,1,1,1,0,1,0,0,0,1,1,1
NK2E,Snowboard Kids 2 (USA),/mnt/b/emulation/roms/nintendo_n64/00 Clean Romset/Snowboard Kids 2 (USA).z64,metadata/personal/N/K/2/E,1,1,1,1,1,1,1,1,1,0,0,0,1,1,1
NK2J,Chou Snobo Kids (Japan),/mnt/b/emulation/roms/nintendo_n64/00 Clean Romset/Chou Snobo Kids (Japan).z64,metadata/personal/N/K/2/J,1,1,1,1,1,1,1,1,1,0,0,0,1,0,0
NK4E,Kirby 64 - The Crystal Shards (USA),/mnt/b/emulation/roms/nintendo_n64/00 Clean Romset/Kirby 64 - The Crystal Shards (USA).z64,metadata/personal/N/K/4/E,1,1,1,1,1,1,1,0,1,0,0,0,1,1,1
NKAE,Fighters Destiny (USA),/mnt/b/emulation/roms/nintendo_n64/00 Clean Romset/Fighters Destiny (USA).z64,metadata/personal/N/K/A/E,1,1,1,1,1,1,1,0,1,0,0,0,1,1,1
NKAJ,Fighting Cup (Japan),/mnt/b/emulation/roms/nintendo_n64/00 Clean Romset/Fighting Cup (Japan).z64,metadata/personal/N/K/A/J,1,1,1,1,1,1,1,0,1,0,0,0,1,0,0
NKKE,Knockout Kings 2000 (USA),/mnt/b/emulation/roms/nintendo_n64/00 Clean Romset/Knockout Kings 2000 (USA).z64,metadata/personal/N/K/K/E,1,1,1,1,1,1,1,1,1,0,0,0,1,1,1
NKRJ,Rakugakids (Japan),/mnt/b/emulation/roms/nintendo_n64/00 Clean Romset/Rakugakids (Japan).z64,metadata/personal/N/K/R/J,1,1,1,1,0,1,0,1,0,0,0,0,1,0,0
NKTE,Mario Kart 64 (USA),/mnt/b/emulation/roms/nintendo_n64/00 Clean Romset/Mario Kart 64 (USA).z64,metadata/personal/N/K/T/E,1,1,1,1,1,1,1,0,1,0,0,0,1,1,1
NLCE,Automobili Lamborghini (USA),/mnt/b/emulation/roms/nintendo_n64/00 Clean Romset/Automobili Lamborghini (USA).z64,metadata/personal/N/L/C/E,1,1,1,1,1,1,1,1,1,0,0,0,1,1,1
NLGE,"LEGO Racers (USA) (En,Fr,De,Es,It,Nl,Sv,No,Da,Fi)","/mnt/b/emulation/roms/nintendo_n64/00 Clean Romset/LEGO Racers (USA) (En,Fr,De,Es,It,Nl,Sv,No,Da,Fi).z64",metadata/personal/N/L/G/E,1,1,1,1,1,1,1,0,1,0,0,0,1,1,1
NLLJ,Last Legion UX (Japan),/mnt/b/emulation/roms/nintendo_n64/00 Clean Romset/Last Legion UX (Japan).z64,metadata/personal/N/L/L/J,1,1,1,1,1,1,1,1,1,0,0,0,1,0,0
NLRE,Lode Runner 3-D (USA),/mnt/b/emulation/roms/nintendo_n64/00 Clean Romset/Lode Runner 3-D (USA).z64,metadata/personal/N/L/R/E,1,1,1,1,1,1,1,1,1,0,0,0,1,1,1
NM3P,"Monster Truck Madness 64 (Europe) (En,Fr,De,Es,It)","/mnt/b/emulation/roms/nintendo_n64/00 Clean Romset/Monster Truck Madness 64 (Europe) (En,Fr,De,Es,It).z64",metadata/personal/N/M/3/P,1,1,1,1,1,1,1,0,1,1,0,0,1,0,0
NM4E,Mortal Kombat 4 (USA),/mnt/b/emulation/roms/nintendo_n64/00 Clean Romset/Mortal Kombat 4 (USA).z64,metadata/personal/N/M/4/E,1,1,1,1,1,1,1,1,1,0,0,0,1,1,1
NM6E,Mega Man 64 (USA),/mnt/b/emulation/roms/nintendo_n64/00 Clean Romset/Mega Man 64 (USA).z64,metadata/personal/N/M/6/E,1,1,1,1,1,1,1,0,1,0,0,0,1,1,1
NMBE,Mike Piazza's Strike Zone (USA),/mnt/b/emulation/roms/nintendo_n64/00 Clean Romset/Mike Piazza's Strike Zone (USA).z64,metadata/personal/N/M/B/E,1,1,1,1,1,1,1,0,1,0,0,0,1,1,1
NMEE,Mace - The Dark Age (USA),/mnt/b/emulation/roms/nintendo_n64/00 Clean Romset/Mace - The Dark Age (USA).z64,metadata/personal/N/M/E/E,1,1,1,1,1,1,1,0,1,0,0,0,1,1,1
NMFE,Mario Golf (USA),/mnt/b/emulation/roms/nintendo_n64/00 Clean Romset/Mario Golf (USA).z64,metadata/personal/N/M/F/E,1,1,1,1,1,1,1,0,1,0,0,0,1,1,1
NMGE,Monaco Grand Prix (USA),/mnt/b/emulation/roms/nintendo_n64/00 Clean Romset/Monaco Grand Prix (USA).z64,metadata/personal/N/M/G/E,1,1,1,1,1,1,1,0,1,0,0,0,1,1,1
NMGP,"Monaco Grand Prix - Racing Simulation 2 (Europe) (En,Fr,Es,It)","/mnt/b/emulation/roms/nintendo_n64/00 Clean Romset/Monaco Grand Prix - Racing Simulation 2 (Europe) (En,Fr,Es,It).z64",metadata/personal/N/M/G/P,1,1,1,0,0,1,0,1,0,0,0,0,1,0,0
NMIE,Mission - Impossible (USA),/mnt/b/emulation/roms/nintendo_n64/00 Clean Romset/Mission - Impossible (USA).z64,metadata/personal/N/M/I/E,1,1,1,1,1,1,1,0,1,0,0,0,1,1,1
NMLE,Mickey's Speedway USA (USA),/mnt/b/emulation/roms/nintendo_n64/00 Clean Romset/Mickey's Speedway USA (USA).z64,metadata/personal/N/M/L/E,1,1,1,1,1,1,1,0,1,0,0,0,1,1,1
NMOE,Monopoly (USA),/mnt/b/emulation/roms/nintendo_n64/00 Clean Romset/Monopoly (USA).z64,metadata/personal/N/M/O/E,1,1,1,1,1,1,1,1,1,0,0,0,1,1,1
NMQE,Paper Mario (USA),/mnt/b/emulation/roms/nintendo_n64/00 Clean Romset/Paper Mario (USA).z64,metadata/personal/N/M/Q/E,1,1,1,1,1,1,1,0,1,0,0,0,1,1,1
NMRE,MRC - Multi-Racing Championship (USA),/mnt/b/emulation/roms/nintendo_n64/00 Clean Romset/MRC - Multi-Racing Championship (USA).z64,metadata/personal/N/M/R/E,1,1,1,1,1,1,1,0,1,0,0,0,1,1,1
NMTE,Magical Tetris Challenge (USA),/mnt/b/emulation/roms/nintendo_n64/00 Clean Romset/Magical Tetris Challenge (USA).z64,metadata/personal/N/M/T/E,1,1,1,1,1,1,1,0,1,0,0,0,1,1,1
NMUE,Big Mountain 2000 (USA),/mnt/b/emulation/roms/nintendo_n64/00 Clean Romset/Big Mountain 2000 (USA).z64,metadata/personal/N/M/U/E,1,1,1,1,1,1,1,1,1,0,0,0,1,1,1
NMVE,Mario Party 3 (USA),/mnt/b/emulation/roms/nintendo_n64/00 Clean Romset/Mario Party 3 (USA).z64,metadata/personal/N/M/V/E,1,1,1,1,1,1,1,0,1,0,0,0,1,1,1
NMWP,"Mario Party 2 (Europe) (En,Fr,De,Es,It)","/mnt/b/emulation/roms/nintendo_n64/00 Clean Romset/Mario Party 2 (Europe) (En,Fr,De,Es,It).z64",metadata/personal/N/M/W/P,1,1,1,1,1,1,1,0,1,0,0,0,1,0,0
NMYE,Mortal Kombat Mythologies - Sub-Zero (USA),/mnt/b/emulation/roms/nintendo_n64/00 Clean Romset/Mortal Kombat Mythologies - Sub-Zero (USA).z64,metadata/personal/N/M/Y/E,1,1,1,1,1,1,1,1,1,0,0,0,1,1,1
NN2E,NASCAR 2000 (USA),/mnt/b/emulation/roms/nintendo_n64/00 Clean Romset/NASCAR 2000 (USA).z64,metadata/personal/N/N/2/E,1,1,1,1,1,1,1,1,1,0,0,0,1,1,1
NN6E,Dr. Mario 64 (USA),/mnt/b/emulation/roms/nintendo_n64/00 Clean Romset/Dr. Mario 64 (USA).z64,metadata/personal/N/N/6/E,1,1,1,1,1,1,1,0,1,0,0,0,1,1,1
NNBE,Kobe Bryant in NBA Courtside (USA),/mnt/b/emulation/roms/nintendo_n64/00 Clean Romset/Kobe Bryant in NBA Courtside (USA).z64,metadata/personal/N/N/B/E,1,1,1,1,1,1,1,0,1,0,0,0,1,1,1
NNLE,"NBA Live 2000 (USA) (En,Fr,De,Es)","/mnt/b/emulation/roms/nintendo_n64/00 Clean Romset/NBA Live 2000 (USA) (En,Fr,De,Es).z64",metadata/personal/N/N/L/E,1,1,1,1,1,1,1,0,1,0,0,0,1,1,1
NNME,Namco Museum 64 (USA),/mnt/b/emulation/roms/nintendo_n64/00 Clean Romset/Namco Museum 64 (USA).z64,metadata/personal/N/N/M/E,1,1,1,1,1,1,1,0,1,0,0,0,1,1,1
NNSE,"Beetle Adventure Racing! (USA) (En,Fr,De)","/mnt/b/emulation/roms/nintendo_n64/00 Clean Romset/Beetle Adventure Racing! (USA) (En,Fr,De).z64",metadata/personal/N/N/S/E,1,1,1,1,1,1,1,1,1,0,0,0,1,1,1
NO7E,007 - The World Is Not Enough (USA),/mnt/b/emulation/roms/nintendo_n64/00 Clean Romset/007 - The World Is Not Enough (USA).z64,metadata/personal/N/O/7/E,1,1,1,1,1,1,1,0,1,0,0,0,1,1,1
NOBE,Ogre Battle 64 - Person of Lordly Caliber (USA) (Rev 1),/mnt/b/emulation/roms/nintendo_n64/00 Clean Romset/Ogre Battle 64 - Person of Lordly Caliber (USA) (Rev 1).z64,metadata/personal/N/O/B/E,1,1,1,1,1,1,1,0,1,0,0,0,1,1,1
NOFE,Off Road Challenge (USA),/mnt/b/emulation/roms/nintendo_n64/00 Clean Romset/Off Road Challenge (USA).z64,metadata/personal/N/O/F/E,1,1,1,1,1,1,1,1,1,0,0,0,1,1,1
NOHE,Transformers - Beast Wars Transmetals (USA),/mnt/b/emulation/roms/nintendo_n64/00 Clean Romset/Transformers - Beast Wars Transmetals (USA).z64,metadata/personal/N/O/H/E,1,1,1,1,1,1,1,0,1,0,0,0,1,1,1
NOWE,Brunswick Circuit Pro Bowling (USA),/mnt/b/emulation/roms/nintendo_n64/00 Clean Romset/Brunswick Circuit Pro Bowling (USA).z64,metadata/personal/N/O/W/E,1,1,1,1,1,1,1,1,1,0,0,0,1,1,1
NP2J,Chou Kuukan Nighter Pro Yakyuu King 2 (Japan),/mnt/b/emulation/roms/nintendo_n64/00 Clean Romset/Chou Kuukan Nighter Pro Yakyuu King 2 (Japan).z64,metadata/personal/N/P/2/J,1,1,1,1,1,1,1,1,1,0,0,0,1,0,0
NP4J,Jikkyou Powerful Pro Yakyuu 4 (Japan) (Rev 1),/mnt/b/emulation/roms/nintendo_n64/00 Clean Romset/Jikkyou Powerful Pro Yakyuu 4 (Japan) (Rev 1).z64,metadata/personal/N/P/4/J,1,1,1,1,1,1,1,1,1,0,0,0,1,0,0
NP6J,Jikkyou Powerful Pro Yakyuu 6 (Japan) (Rev 2),/mnt/b/emulation/roms/nintendo_n64/00 Clean Romset/Jikkyou Powerful Pro Yakyuu 6 (Japan) (Rev 2).z64,metadata/personal/N/P/6/J,1,1,1,1,1,1,1,1,1,0,0,0,1,1,0
NP9E,Ms. Pac-Man - Maze Madness (USA),/mnt/b/emulation/roms/nintendo_n64/00 Clean Romset/Ms. Pac-Man - Maze Madness (USA).z64,metadata/personal/N/P/9/E,1,1,1,1,1,1,1,1,1,0,0,0,1,1,1
NPAJ,Jikkyou Powerful Pro Yakyuu 2000 (Japan) (Rev 1),/mnt/b/emulation/roms/nintendo_n64/00 Clean Romset/Jikkyou Powerful Pro Yakyuu 2000 (Japan) (Rev 1).z64,metadata/personal/N/P/A/J,1,1,1,1,1,1,1,1,1,0,0,0,1,0,0
NPBJ,Puzzle Bobble 64 (Japan),/mnt/b/emulation/roms/nintendo_n64/00 Clean Romset/Puzzle Bobble 64 (Japan).z64,metadata/personal/N/P/B/J,1,1,1,1,1,1,1,0,1,0,0,0,1,0,0
NPDE,Perfect Dark (USA) (Rev 1),/mnt/b/emulation/roms/nintendo_n64/00 Clean Romset/Perfect Dark (USA) (Rev 1).z64,metadata/personal/N/P/D/E,1,1,1,1,1,1,1,1,1,0,1,1,1,1,1
NPEJ,Jikkyou Powerful Pro Yakyuu - Basic Ban 2001 (Japan) (Rev 1),/mnt/b/emulation/roms/nintendo_n64/00 Clean Romset/Jikkyou Powerful Pro Yakyuu - Basic Ban 2001 (Japan) (Rev 1).z64,metadata/personal/N/P/E/J,1,1,1,1,1,1,1,1,1,0,0,0,1,0,0
NPFE,Pokemon Snap (USA),/mnt/b/emulation/roms/nintendo_n64/00 Clean Romset/Pokemon Snap (USA).z64,metadata/personal/N/P/F/E,1,1,1,0,0,1,0,1,1,0,0,0,1,1,1
NPMP,Premier Manager 64 (Europe),/mnt/b/emulation/roms/nintendo_n64/00 Clean Romset/Premier Manager 64 (Europe).z64,metadata/personal/N/P/M/P,1,1,1,1,1,1,1,0,1,0,0,0,1,0,1
NPNE,Pokemon Puzzle League (USA),/mnt/b/emulation/roms/nintendo_n64/00 Clean Romset/Pokemon Puzzle League (USA).z64,metadata/personal/N/P/N/E,1,1,1,0,0,1,0,1,0,0,0,0,1,1,1
NPOE,Pokemon Stadium (USA) (Rev 2),/mnt/b/emulation/roms/nintendo_n64/00 Clean Romset/Pokemon Stadium (USA) (Rev 2).z64,metadata/personal/N/P/O/E,1,1,1,0,0,1,0,1,0,0,0,0,1,1,1
NPSJ,Jikkyou J.League 1999 - Perfect Striker 2 (Japan) (Rev 1),/mnt/b/emulation/roms/nintendo_n64/00 Clean Romset/Jikkyou J.League 1999 - Perfect Striker 2 (Japan) (Rev 1).z64,metadata/personal/N/P/S/J,1,1,1,1,1,1,1,0,1,0,0,0,1,0,0
NPTJ,Puyo Puyoon Party (Japan),/mnt/b/emulation/roms/nintendo_n64/00 Clean Romset/Puyo Puyoon Party (Japan).z64,metadata/personal/N/P/T/J,1,1,1,0,0,1,0,1,0,0,0,0,1,0,0
NPYJ,Puyo Puyo Sun 64 (Japan),/mnt/b/emulation/roms/nintendo_n64/00 Clean Romset/Puyo Puyo Sun 64 (Japan).z64,metadata/personal/N/P/Y/J,1,1,1,1,1,1,1,1,1,0,0,0,1,0,0
NPZJ,Susume! Taisen Puzzle Dama - Toukon! Marutama Chou (Japan),/mnt/b/emulation/roms/nintendo_n64/00 Clean Romset/Susume! Taisen Puzzle Dama - Toukon! Marutama Chou (Japan).z64,metadata/personal/N/P/Z/J,1,1,1,1,1,1,1,1,1,0,0,0,1,0,0
NQ8E,NFL Quarterback Club 98 (USA),/mnt/b/emulation/roms/nintendo_n64/00 Clean Romset/NFL Quarterback Club 98 (USA).z64,metadata/personal/N/Q/8/E,1,1,1,1,1,1,1,0,1,0,0,0,1,0,0
NQBE,NFL Quarterback Club 2000 (USA),/mnt/b/emulation/roms/nintendo_n64/00 Clean Romset/NFL Quarterback Club 2000 (USA).z64,metadata/personal/N/Q/B/E,1,1,1,1,1,1,1,1,1,0,0,0,1,0,0
NQCE,NFL QB Club 2001 (USA),/mnt/b/emulation/roms/nintendo_n64/00 Clean Romset/NFL QB Club 2001 (USA).z64,metadata/personal/N/Q/C/E,1,1,1,1,1,1,1,0,1,0,0,0,1,0,0
NQKE,Quake (USA),/mnt/b/emulation/roms/nintendo_n64/00 Clean Romset/Quake (USA).z64,metadata/personal/N/Q/K/E,1,1,1,1,1,1,1,0,1,0,0,0,1,0,0
NR2E,Rush 2 - Extreme Racing USA (USA),/mnt/b/emulation/roms/nintendo_n64/00 Clean Romset/Rush 2 - Extreme Racing USA (USA).z64,metadata/personal/N/R/2/E,1,1,1,1,1,1,1,1,1,0,0,0,1,1,1
NR3E,Stunt Racer 64 (USA),/mnt/b/emulation/roms/nintendo_n64/00 Clean Romset/Stunt Racer 64 (USA).z64,metadata/personal/N/R/3/E,1,1,1,1,1,1,1,1,1,0,0,0,1,0,0
NR6E,Tom Clancy's Rainbow Six (USA),/mnt/b/emulation/roms/nintendo_n64/00 Clean Romset/Tom Clancy's Rainbow Six (USA).z64,metadata/personal/N/R/6/E,1,1,1,1,1,1,1,0,1,0,0,0,1,0,0
NRCE,Top Gear Overdrive (USA),/mnt/b/emulation/roms/nintendo_n64/00 Clean Romset/Top Gear Overdrive (USA).z64,metadata/personal/N/R/C/E,1,1,1,1,1,1,1,1,1,0,0,0,1,0,0
NRDE,Ready 2 Rumble Boxing (USA),/mnt/b/emulation/roms/nintendo_n64/00 Clean Romset/Ready 2 Rumble Boxing (USA).z64,metadata/personal/N/R/D/E,1,1,1,1,1,1,1,0,1,0,0,0,1,0,0
NRGE,Rugrats - Scavenger Hunt (USA),/mnt/b/emulation/roms/nintendo_n64/00 Clean Romset/Rugrats - Scavenger Hunt (USA).z64,metadata/personal/N/R/G/E,1,1,1,1,1,1,1,0,1,0,0,0,1,0,0
NRIE,"New Tetris, The (USA)","/mnt/b/emulation/roms/nintendo_n64/00 Clean Romset/New Tetris, The (USA).z64",metadata/personal/N/R/I/E,1,1,1,1,1,1,1,0,1,1,0,0,1,0,0
NRKE,Rugrats in Paris - The Movie (USA),/mnt/b/emulation/roms/nintendo_n64/00 Clean Romset/Rugrats in Paris - The Movie (USA).z64,metadata/personal/N/R/K/E,1,1,1,1,1,1,1,0,1,0,0,0,1,0,0
NROE,Road Rash 64 (USA),/mnt/b/emulation/roms/nintendo_n64/00 Clean Romset/Road Rash 64 (USA).z64,metadata/personal/N/R/O/E,1,1,1,1,1,1,1,0,1,0,0,0,1,0,0
NRPE,Rampage - World Tour (USA),/mnt/b/emulation/roms/nintendo_n64/00 Clean Romset/Rampage - World Tour (USA).z64,metadata/personal/N/R/P/E,1,1,1,1,1,1,1,0,1,0,0,0,1,0,0
NRSE,Star Wars - Rogue Squadron (USA) (Rev 1),/mnt/b/emulation/roms/nintendo_n64/00 Clean Romset/Star Wars - Rogue Squadron (USA) (Rev 1).z64,metadata/personal/N/R/S/E,1,1,1,1,1,1,1,0,1,0,0,0,1,0,0
NRUE,San Francisco Rush 2049 (USA),/mnt/b/emulation/roms/nintendo_n64/00 Clean Romset/San Francisco Rush 2049 (USA).z64,metadata/personal/N/R/U/E,1,1,1,1,1,1,1,0,1,0,0,0,1,0,0
NRWE,Turok - Rage Wars (USA) (Rev 1),/mnt/b/emulation/roms/nintendo_n64/00 Clean Romset/Turok - Rage Wars (USA) (Rev 1).z64,metadata/personal/N/R/W/E,1,1,1,1,1,1,1,0,1,0,0,0,1,0,0
NRXE,Robotron 64 (USA),/mnt/b/emulation/roms/nintendo_n64/00 Clean Romset/Robotron 64 (USA).z64,metadata/personal/N/R/X/E,1,1,1,1,1,1,1,0,1,0,0,0,1,0,0
NRZE,RR64 - Ridge Racer 64 (USA),/mnt/b/emulation/roms/nintendo_n64/00 Clean Romset/RR64 - Ridge Racer 64 (USA).z64,metadata/personal/N/R/Z/E,1,1,1,1,1,1,1,0,1,0,0,0,1,0,0
NS6E,Star Soldier - Vanishing Earth (USA),/mnt/b/emulation/roms/nintendo_n64/00 Clean Romset/Star Soldier - Vanishing Earth (USA).z64,metadata/personal/N/S/6/E,1,1,1,1,1,1,1,0,1,0,0,0,1,0,0
NSAJ,Sonic Wings Assault (Japan),/mnt/b/emulation/roms/nintendo_n64/00 Clean Romset/Sonic Wings Assault (Japan).z64,metadata/personal/N/S/A/J,1,1,1,1,1,1,1,0,1,0,0,0,1,0,0
NSBE,Twisted Edge - Extreme Snowboarding (USA),/mnt/b/emulation/roms/nintendo_n64/00 Clean Romset/Twisted Edge - Extreme Snowboarding (USA).z64,metadata/personal/N/S/B/E,1,1,1,1,1,1,1,1,1,0,0,0,1,0,0
NSBJ,King Hill 64 - Extreme Snowboarding (Japan),/mnt/b/emulation/roms/nintendo_n64/00 Clean Romset/King Hill 64 - Extreme Snowboarding (Japan).z64,metadata/personal/N/S/B/J,1,1,1,1,1,1,1,1,1,0,0,0,1,0,0
NSCE,"Starshot - Space Circus Fever (USA) (En,Fr,Es)","/mnt/b/emulation/roms/nintendo_n64/00 Clean Romset/Starshot - Space Circus Fever (USA) (En,Fr,Es).z64",metadata/personal/N/S/C/E,1,1,1,1,1,1,1,0,1,0,0,0,1,0,0
NSDE,Shadow Man (USA),/mnt/b/emulation/roms/nintendo_n64/00 Clean Romset/Shadow Man (USA).z64,metadata/personal/N/S/D/E,1,1,1,1,1,1,1,0,1,0,0,0,1,0,0
NSFE,"San Francisco Rush - Extreme Racing (USA) (En,Fr,De) (Rev 1)","/mnt/b/emulation/roms/nintendo_n64/00 Clean Romset/San Francisco Rush - Extreme Racing (USA) (En,Fr,De) (Rev 1).z64",metadata/personal/N/S/F/E,1,1,1,1,1,1,1,0,1,0,0,0,1,0,0
NSGE,"Shadowgate 64 - Trials of the Four Towers (USA) (En,Es)","/mnt/b/emulation/roms/nintendo_n64/00 Clean Romset/Shadowgate 64 - Trials of the Four Towers (USA) (En,Es).z64",metadata/personal/N/S/G/E,1,1,1,1,1,1,1,1,1,0,0,0,1,1,0
NSIJ,Fushigi no Dungeon - Fuurai no Shiren 2 - Oni Shuurai! Shiren Jou! (Japan),/mnt/b/emulation/roms/nintendo_n64/00 Clean Romset/Fushigi no Dungeon - Fuurai no Shiren 2 - Oni Shuurai! Shiren Jou! (Japan).z64,metadata/personal/N/S/I/J,1,1,1,1,1,1,1,1,1,0,0,0,1,0,0
NSKE,Snowboard Kids (USA),/mnt/b/emulation/roms/nintendo_n64/00 Clean Romset/Snowboard Kids (USA).z64,metadata/personal/N/S/K/E,1,1,1,1,1,1,1,0,1,0,0,0,1,0,0
NSLE,Spider-Man (USA),/mnt/b/emulation/roms/nintendo_n64/00 Clean Romset/Spider-Man (USA).z64,metadata/personal/N/S/L/E,1,1,1,1,1,1,1,1,1,0,0,0,1,0,0
NSME,Super Mario 64 (USA),/mnt/b/emulation/roms/nintendo_n64/00 Clean Romset/Super Mario 64 (USA).z64,metadata/personal/N/S/M/E,1,1,1,1,1,1,1,0,1,0,0,0,1,0,0
NSNJ,Snow Speeder (Japan),/mnt/b/emulation/roms/nintendo_n64/00 Clean Romset/Snow Speeder (Japan).z64,metadata/personal/N/S/N/J,1,1,0,1,1,1,1,0,1,0,0,0,0,0,0
NSOE,NBA Showtime - NBA on NBC (USA),/mnt/b/emulation/roms/nintendo_n64/00 Clean Romset/NBA Showtime - NBA on NBC (USA).z64,metadata/personal/N/S/O/E,1,1,1,1,1,1,1,0,1,0,0,0,1,0,0
NSPE,"Superman - The New Superman Aventures (USA) (En,Fr,Es)","/mnt/b/emulation/roms/nintendo_n64/00 Clean Romset/Superman - The New Superman Aventures (USA) (En,Fr,Es).z64",metadata/personal/N/S/P/E,1,1,1,1,1,1,1,0,1,0,0,0,1,0,0
NSQE,StarCraft 64 (USA),/mnt/b/emulation/roms/nintendo_n64/00 Clean Romset/StarCraft 64 (USA).z64,metadata/personal/N/S/Q/E,1,1,1,1,1,1,1,0,1,0,0,0,1,0,0
NSSJ,Super Robot Spirits (Japan),/mnt/b/emulation/roms/nintendo_n64/00 Clean Romset/Super Robot Spirits (Japan).z64,metadata/personal/N/S/S/J,1,1,1,1,1,1,1,1,1,0,0,0,1,0,0
NSUE,Rocket - Robot on Wheels (USA),/mnt/b/emulation/roms/nintendo_n64/00 Clean Romset/Rocket - Robot on Wheels (USA).z64,metadata/personal/N/S/U/E,1,1,1,1,1,1,1,0,1,0,0,0,1,0,0
NSVE,SpaceStation Silicon Valley (USA) (Rev 1),/mnt/b/emulation/roms/nintendo_n64/00 Clean Romset/SpaceStation Silicon Valley (USA) (Rev 1).z64,metadata/personal/N/S/V/E,1,1,1,1,1,1,1,0,1,0,0,0,1,0,0
NSXE,Supercross 2000 (USA),/mnt/b/emulation/roms/nintendo_n64/00 Clean Romset/Supercross 2000 (USA).z64,metadata/personal/N/S/X/E,1,1,1,1,1,1,1,0,1,0,0,0,1,0,0
NSYE,Scooby-Doo! - Classic Creep Capers (USA) (Rev 1),/mnt/b/emulation/roms/nintendo_n64/00 Clean Romset/Scooby-Doo! - Classic Creep Capers (USA) (Rev 1).z64,metadata/personal/N/S/Y/E,1,1,1,1,1,1,1,0,1,0,0,0,1,0,0
NSZE,NFL Blitz - Special Edition (USA),/mnt/b/emulation/roms/nintendo_n64/00 Clean Romset/NFL Blitz - Special Edition (USA).z64,metadata/personal/N/S/Z/E,1,1,1,1,1,1,1,0,1,0,0,0,1,0,0
NT2E,Turok 2 - Seeds of Evil (USA) (Rev 1),/mnt/b/emulation/roms/nintendo_n64/00 Clean Romset/Turok 2 - Seeds of Evil (USA) (Rev 1).z64,metadata/personal/N/T/2/E,1,1,1,1,1,1,1,1,1,0,0,0,1,0,0
NT2J,Violence Killer - Turok New Generation (Japan),/mnt/b/emulation/roms/nintendo_n64/00 Clean Romset/Violence Killer - Turok New Generation (Japan).z64,metadata/personal/N/T/2/J,1,1,1,1,1,1,1,1,1,0,0,0,0,0,0
NT4E,CyberTiger (USA),/mnt/b/emulation/roms/nintendo_n64/00 Clean Romset/CyberTiger (USA).z64,metadata/personal/N/T/4/E,1,1,1,1,1,1,1,0,1,0,0,0,1,0,0
NT9E,Tigger's Honey Hunt (USA),/mnt/b/emulation/roms/nintendo_n64/00 Clean Romset/Tigger's Honey Hunt (USA).z64,metadata/personal/N/T/9/E,1,1,1,1,1,1,1,0,1,0,0,0,1,0,0
NTAE,Tarzan (USA),/mnt/b/emulation/roms/nintendo_n64/00 Clean Romset/Tarzan (USA).z64,metadata/personal/N/T/A/E,1,1,1,1,1,1,1,0,1,0,0,0,1,0,0
NTEA,"1080 Snowboarding (Japan, USA) (En,Ja)","/mnt/b/emulation/roms/nintendo_n64/00 Clean Romset/1080 Snowboarding (Japan, USA) (En,Ja).z64",metadata/personal/N/T/E/A,1,1,1,0,0,1,0,0,1,0,0,0,1,0,0
NTFE,Tony Hawk's Pro Skater (USA) (Rev 1),/mnt/b/emulation/roms/nintendo_n64/00 Clean Romset/Tony Hawk's Pro Skater (USA) (Rev 1).z64,metadata/personal/N/T/F/E,1,1,1,1,1,1,1,0,1,0,0,0,1,0,0
NTHE,Toy Story 2 - Buzz Lightyear to the Rescue! (USA) (Rev 1),/mnt/b/emulation/roms/nintendo_n64/00 Clean Romset/Toy Story 2 - Buzz Lightyear to the Rescue! (USA) (Rev 1).z64,metadata/personal/N/T/H/E,1,1,1,1,1,1,1,0,1,0,0,0,1,0,0
NTIE,WWF Attitude (USA),/mnt/b/emulation/roms/nintendo_n64/00 Clean Romset/WWF Attitude (USA).z64,metadata/personal/N/T/I/E,1,1,0,1,1,1,1,0,1,0,0,0,0,0,0
NTJE,Tom and Jerry in Fists of Furry (USA),/mnt/b/emulation/roms/nintendo_n64/00 Clean Romset/Tom and Jerry in Fists of Furry (USA).z64,metadata/personal/N/T/J/E,1,1,1,1,1,1,1,1,1,0,0,0,1,0,0
NTKE,Turok 3 - Shadow of Oblivion (USA),/mnt/b/emulation/roms/nintendo_n64/00 Clean Romset/Turok 3 - Shadow of Oblivion (USA).z64,metadata/personal/N/T/K/E,1,1,1,1,1,1,1,0,1,0,0,0,1,0,0
NTME,Mischief Makers (USA) (Rev 1),/mnt/b/emulation/roms/nintendo_n64/00 Clean Romset/Mischief Makers (USA) (Rev 1).z64,metadata/personal/N/T/M/E,1,1,1,1,1,1,1,0,1,0,0,0,1,0,0
NTNE,All Star Tennis 99 (USA),/mnt/b/emulation/roms/nintendo_n64/00 Clean Romset/All Star Tennis 99 (USA).z64,metadata/personal/N/T/N/E,1,1,1,1,1,1,1,0,1,0,0,0,0,0,0
NTOJ,Shin Nihon Pro Wrestling Toukon Road - Brave Spirits (Japan),/mnt/b/emulation/roms/nintendo_n64/00 Clean Romset/Shin Nihon Pro Wrestling Toukon Road - Brave Spirits (Japan).z64,metadata/personal/N/T/O/J,1,1,1,1,1,1,1,1,1,0,0,0,0,0,0
NTPE,Tetrisphere (USA),/mnt/b/emulation/roms/nintendo_n64/00 Clean Romset/Tetrisphere (USA).z64,metadata/personal/N/T/P/E,1,1,1,1,1,1,1,0,1,0,0,0,1,0,0
NTQE,Tony Hawk's Pro Skater 2 (USA),/mnt/b/emulation/roms/nintendo_n64/00 Clean Romset/Tony Hawk's Pro Skater 2 (USA).z64,metadata/personal/N/T/Q/E,1,1,1,1,1,1,1,0,1,0,0,0,1,0,0
NTSJ,Let's Smash (Japan),/mnt/b/emulation/roms/nintendo_n64/00 Clean Romset/Let's Smash (Japan).z64,metadata/personal/N/T/S/J,1,1,1,1,1,1,1,0,1,0,0,0,0,0,0
NTSP,Centre Court Tennis (Europe),/mnt/b/emulation/roms/nintendo_n64/00 Clean Romset/Centre Court Tennis (Europe).z64,metadata/personal/N/T/S/P,1,1,1,1,1,1,1,1,1,0,0,0,1,0,0
NTTE,Tonic Trouble (USA) (Rev 1),/mnt/b/emulation/roms/nintendo_n64/00 Clean Romset/Tonic Trouble (USA) (Rev 1).z64,metadata/personal/N/T/T/E,1,1,1,1,1,1,1,0,1,0,0,0,1,0,0
NTUE,Turok - Dinosaur Hunter (USA) (Rev 2),/mnt/b/emulation/roms/nintendo_n64/00 Clean Romset/Turok - Dinosaur Hunter (USA) (Rev 2).z64,metadata/personal/N/T/U/E,1,1,1,1,1,1,1,1,1,0,0,0,1,0,0
NTUJ,Jikuu Senshi Turok (Japan),/mnt/b/emulation/roms/nintendo_n64/00 Clean Romset/Jikuu Senshi Turok (Japan).z64,metadata/personal/N/T/U/J,1,1,1,1,1,1,1,1,1,0,0,0,0,0,0
NTXP,"Taz Express (Europe) (En,Fr,De,Es,It,Nl)","/mnt/b/emulation/roms/nintendo_n64/00 Clean Romset/Taz Express (Europe) (En,Fr,De,Es,It,Nl).z64",metadata/personal/N/T/X/P,1,1,1,1,1,1,1,0,1,0,0,0,1,0,0
NV3E,Micro Machines 64 Turbo (USA),/mnt/b/emulation/roms/nintendo_n64/00 Clean Romset/Micro Machines 64 Turbo (USA).z64,metadata/personal/N/V/3/E,1,1,1,1,1,1,1,0,1,0,0,0,1,0,0
NVCE,"Virtual Chess 64 (USA) (En,Fr,Es)","/mnt/b/emulation/roms/nintendo_n64/00 Clean Romset/Virtual Chess 64 (USA) (En,Fr,Es).z64",metadata/personal/N/V/C/E,1,1,1,1,1,1,1,0,1,0,0,0,1,0,0
NVLE,V-Rally Edition 99 (USA),/mnt/b/emulation/roms/nintendo_n64/00 Clean Romset/V-Rally Edition 99 (USA).z64,metadata/personal/N/V/L/E,1,1,1,1,1,1,1,0,1,0,0,0,1,0,0
NVPJ,Virtual Pro Wrestling 64 (Japan),/mnt/b/emulation/roms/nintendo_n64/00 Clean Romset/Virtual Pro Wrestling 64 (Japan).z64,metadata/personal/N/V/P/J,1,1,1,1,1,1,1,1,1,0,0,0,1,0,0
NVRE,Virtual Pool 64 (USA),/mnt/b/emulation/roms/nintendo_n64/00 Clean Romset/Virtual Pool 64 (USA).z64,metadata/personal/N/V/R/E,1,1,1,1,1,1,1,0,1,0,0,0,1,0,0
NW2E,WCW-nWo Revenge (USA),/mnt/b/emulation/roms/nintendo_n64/00 Clean Romset/WCW-nWo Revenge (USA).z64,metadata/personal/N/W/2/E,1,1,1,1,1,1,1,0,1,0,0,0,1,0,0
NW3E,WCW Nitro (USA),/mnt/b/emulation/roms/nintendo_n64/00 Clean Romset/WCW Nitro (USA).z64,metadata/personal/N/W/3/E,1,1,1,1,1,1,1,0,1,0,0,0,1,0,0
NW4E,WWF No Mercy (USA) (Rev 1),/mnt/b/emulation/roms/nintendo_n64/00 Clean Romset/WWF No Mercy (USA) (Rev 1).z64,metadata/personal/N/W/4/E,1,1,1,1,1,1,1,0,1,0,0,0,1,0,0
NW8E,Wayne Gretzky's 3D Hockey '98 (USA),/mnt/b/emulation/roms/nintendo_n64/00 Clean Romset/Wayne Gretzky's 3D Hockey '98 (USA).z64,metadata/personal/N/W/8/E,1,1,1,1,1,1,1,0,1,0,0,0,1,0,0
NWAE,War Gods (USA),/mnt/b/emulation/roms/nintendo_n64/00 Clean Romset/War Gods (USA).z64,metadata/personal/N/W/A/E,1,1,1,1,1,1,1,0,1,0,0,0,1,0,0
NWBE,Iggy's Reckin' Balls (USA),/mnt/b/emulation/roms/nintendo_n64/00 Clean Romset/Iggy's Reckin' Balls (USA).z64,metadata/personal/N/W/B/E,1,1,1,1,1,1,1,0,1,0,0,0,1,0,0
NWBJ,Iggy-kun no Bura Bura Poyon (Japan),/mnt/b/emulation/roms/nintendo_n64/00 Clean Romset/Iggy-kun no Bura Bura Poyon (Japan).z64,metadata/personal/N/W/B/J,1,1,1,1,1,1,1,0,1,0,0,0,0,0,0
NWCJ,Wild Choppers (Japan),/mnt/b/emulation/roms/nintendo_n64/00 Clean Romset/Wild Choppers (Japan).z64,metadata/personal/N/W/C/J,1,1,1,1,1,1,1,1,1,0,0,0,1,0,0
NWDE,WinBack - Covert Operations (USA),/mnt/b/emulation/roms/nintendo_n64/00 Clean Romset/WinBack - Covert Operations (USA).z64,metadata/personal/N/W/D/E,1,1,1,1,1,1,1,0,1,0,0,0,1,0,0
NWFE,Wheel of Fortune (USA),/mnt/b/emulation/roms/nintendo_n64/00 Clean Romset/Wheel of Fortune (USA).z64,metadata/personal/N/W/F/E,1,1,1,1,1,1,1,0,1,0,0,0,1,0,0
NWGE,Wayne Gretzky's 3D Hockey (USA) (Rev 1),/mnt/b/emulation/roms/nintendo_n64/00 Clean Romset/Wayne Gretzky's 3D Hockey (USA) (Rev 1).z64,metadata/personal/N/W/G/E,1,1,1,1,1,1,1,0,1,0,0,0,1,0,0
NWIE,ECW Hardcore Revolution (USA),/mnt/b/emulation/roms/nintendo_n64/00 Clean Romset/ECW Hardcore Revolution (USA).z64,metadata/personal/N/W/I/E,1,1,1,1,1,1,1,0,1,0,0,0,1,0,0
NWNE,WCW vs. nWo - World Tour (USA) (Rev 1),/mnt/b/emulation/roms/nintendo_n64/00 Clean Romset/WCW vs. nWo - World Tour (USA) (Rev 1).z64,metadata/personal/N/W/N/E,1,1,1,1,1,1,1,0,1,0,0,0,1,0,0
NWOE,World Driver Championship (USA),/mnt/b/emulation/roms/nintendo_n64/00 Clean Romset/World Driver Championship (USA).z64,metadata/personal/N/W/O/E,1,1,1,1,1,1,1,1,1,0,0,0,1,0,0
NWPE,Wipeout 64 (USA),/mnt/b/emulation/roms/nintendo_n64/00 Clean Romset/Wipeout 64 (USA).z64,metadata/personal/N/W/P/E,1,1,1,1,1,1,1,0,1,0,0,0,1,0,0
NWQE,Rally Challenge 2000 (USA),/mnt/b/emulation/roms/nintendo_n64/00 Clean Romset/Rally Challenge 2000 (USA).z64,metadata/personal/N/W/Q/E,1,1,1,1,1,1,1,1,1,0,0,0,1,0,0
NWRE,Wave Race 64 - Kawasaki Jet Ski (USA) (Rev 1),/mnt/b/emulation/roms/nintendo_n64/00 Clean Romset/Wave Race 64 - Kawasaki Jet Ski (USA) (Rev 1).z64,metadata/personal/N/W/R/E,1,1,1,1,1,1,1,0,1,0,0,0,1,0,0
NWSE,International Superstar Soccer '98 (USA),/mnt/b/emulation/roms/nintendo_n64/00 Clean Romset/International Superstar Soccer '98 (USA).z64,metadata/personal/N/W/S/E,1,1,1,1,1,1,1,0,1,0,0,0,1,0,0
NWSJ,Jikkyou World Soccer - World Cup France '98 (Japan) (Rev 1),/mnt/b/emulation/roms/nintendo_n64/00 Clean Romset/Jikkyou World Soccer - World Cup France '98 (Japan) (Rev 1).z64,metadata/personal/N/W/S/J,1,1,1,1,1,1,1,0,1,0,0,0,0,0,0
NWTE,"Wetrix (USA) (En,Fr,De,Es,It,Nl)","/mnt/b/emulation/roms/nintendo_n64/00 Clean Romset/Wetrix (USA) (En,Fr,De,Es,It,Nl).z64",metadata/personal/N/W/T/E,1,1,1,1,1,1,1,0,1,0,0,0,1,0,0
NWVE,WCW Backstage Assault (USA),/mnt/b/emulation/roms/nintendo_n64/00 Clean Romset/WCW Backstage Assault (USA).z64,metadata/personal/N/W/V/E,1,1,1,1,1,1,1,0,1,0,0,0,1,0,0
NWWE,WWF War Zone (USA),/mnt/b/emulation/roms/nintendo_n64/00 Clean Romset/WWF War Zone (USA).z64,metadata/personal/N/W/W/E,1,1,0,1,1,1,1,0,1,0,0,0,0,0,0
NWXE,WWF WrestleMania 2000 (USA),/mnt/b/emulation/roms/nintendo_n64/00 Clean Romset/WWF WrestleMania 2000 (USA).z64,metadata/personal/N/W/X/E,1,1,0,1,1,1,1,0,1,0,0,0,0,0,0
NWZE,NBA in the Zone 2000 (USA),/mnt/b/emulation/roms/nintendo_n64/00 Clean Romset/NBA in the Zone 2000 (USA).z64,metadata/personal/N/W/Z/E,1,1,1,1,1,1,1,0,1,0,0,0,1,0,0
NX2E,Gex 64 - Enter the Gecko (USA),/mnt/b/emulation/roms/nintendo_n64/00 Clean Romset/Gex 64 - Enter the Gecko (USA).z64,metadata/personal/N/X/2/E,1,1,1,1,1,1,1,0,1,0,0,0,1,0,0
NXFE,Xena - Warrior Princess - The Talisman of Fate (USA),/mnt/b/emulation/roms/nintendo_n64/00 Clean Romset/Xena - Warrior Princess - The Talisman of Fate (USA).z64,metadata/personal/N/X/F/E,1,1,0,1,1,1,1,1,1,0,0,0,1,0,0
NXOE,Cruis'n Exotica (USA),/mnt/b/emulation/roms/nintendo_n64/00 Clean Romset/Cruis'n Exotica (USA).z64,metadata/personal/N/X/O/E,1,1,1,1,1,1,1,0,1,0,0,0,1,0,0
NY2E,"Rayman 2 - The Great Escape (USA) (En,Fr,De,Es,It)","/mnt/b/emulation/roms/nintendo_n64/00 Clean Romset/Rayman 2 - The Great Escape (USA) (En,Fr,De,Es,It).z64",metadata/personal/N/Y/2/E,1,1,1,1,1,1,1,0,1,0,0,0,1,0,0
NYPE,Paperboy (USA),/mnt/b/emulation/roms/nintendo_n64/00 Clean Romset/Paperboy (USA).z64,metadata/personal/N/Y/P/E,1,1,1,1,1,1,1,0,1,0,0,0,1,0,0
NYSE,"Yoshi's Story (USA) (En,Ja)","/mnt/b/emulation/roms/nintendo_n64/00 Clean Romset/Yoshi's Story (USA) (En,Ja).z64",metadata/personal/N/Y/S/E,1,1,1,1,1,1,1,0,1,0,0,0,1,0,0
NYWE,Harvest Moon 64 (USA),/mnt/b/emulation/roms/nintendo_n64/00 Clean Romset/Harvest Moon 64 (USA).z64,metadata/personal/N/Y/W/E,1,1,1,1,1,1,1,0,1,0,0,0,1,0,0
NZSE,"Legend of Zelda, The - Majora's Mask (USA)","/mnt/b/emulation/roms/nintendo_n64/00 Clean Romset/Legend of Zelda, The - Majora's Mask (USA).z64",metadata/personal/N/Z/S/E,1,1,1,0,0,1,0,0,0,0,0,0,0,0,0
